"","date","type","team","conf","opp","opp_conf","loc","result","avg_marg","opp_avg_marg","adj_o","adj_d","off_ppp","off_efg","off_to","off_or","off_ftr","def_ppp","def_efg","def_to","def_or","def_ftr","game_score","season","tempo","game_id","coach","opp_coach"
"1",2023-04-03,"post","Connecticut","BE","San Diego St.","MWC","N","W, 76-59",8.30039,0.920477,127.1,82.1,110.7,49.1,18.9,31.2,50.9,85.9,37.3,17.5,28.6,33.9,99.4,2023,68.7,"San Diego St.Connecticut4-3","Dan Hurley","Brian Dutcher"
"2",2023-04-03,"post","San Diego St.","MWC","Connecticut","BE","N","L, 76-59",-8.30039,0.96428,99.7,93.7,85.9,37.3,17.5,28.6,33.9,110.7,49.1,18.9,31.2,50.9,67,2023,68.7,"San Diego St.Connecticut4-3","Brian Dutcher","Dan Hurley"
"3",2023-04-01,"post","Florida Atlantic","CUSA","San Diego St.","MWC","N","L, 72-71",3.79875,0.920477,131.7,104.6,111.4,52.9,15.7,25.8,40.4,113,51.8,12.6,31.6,38.6,93.4,2023,63.7,"Florida AtlanticSan Diego St.4-1","Dusty May","Brian Dutcher"
"4",2023-04-01,"post","San Diego St.","MWC","Florida Atlantic","CUSA","N","W, 72-71",-3.79875,0.881499,120.9,103.4,113,51.8,12.6,31.6,38.6,111.4,52.9,15.7,25.8,40.4,85.9,2023,63.7,"Florida AtlanticSan Diego St.4-1","Brian Dutcher","Dusty May"
"5",2023-04-01,"post","Connecticut","BE","Miami FL","ACC","N","W, 72-59",9.54517,0.871486,117.4,79.7,112.6,57,23.5,41.9,22.8,92.3,37.9,14.1,33.3,19.4,98.9,2023,63.9,"Miami FLConnecticut4-1","Dan Hurley","Jim Larranaga"
"6",2023-04-01,"post","Miami FL","ACC","Connecticut","BE","N","L, 72-59",-9.54517,0.96428,104.1,97.5,92.3,37.9,14.1,33.3,19.4,112.6,57,23.5,41.9,22.8,67.9,2023,63.9,"Miami FLConnecticut4-1","Jim Larranaga","Dan Hurley"
"7",2023-03-30,"post","North Texas","CUSA","UAB","CUSA","N","W, 68-61",3.19375,0.845344,120.8,95,113.4,50.9,18.3,43.8,19.3,101.7,41.1,21.7,35.3,68.9,94.1,2023,60,"UABNorth Texas3-30","Grant McCasland","Andy Kennedy"
"8",2023-03-30,"post","UAB","CUSA","North Texas","CUSA","N","L, 68-61",-3.19375,0.862236,113.8,106.5,101.7,41.1,21.7,35.3,68.9,113.4,50.9,18.3,43.8,19.3,68.1,2023,60,"UABNorth Texas3-30","Andy Kennedy","Grant McCasland"
"9",2023-03-28,"post","North Texas","CUSA","Wisconsin","B10","N","W, 56-54",-6.80667,0.80752,98.3,90.2,92.1,51,21.4,23.3,20.8,88.9,44.6,19.7,23.7,14.3,72.7,2023,60.8,"North TexasWisconsin3-28","Grant McCasland","Greg Gard"
"10",2023-03-28,"post","Wisconsin","B10","North Texas","CUSA","N","L, 56-54",6.80667,0.862236,102.4,84,88.9,44.6,19.7,23.7,14.3,92.1,51,21.4,23.3,20.8,90.8,2023,60.8,"North TexasWisconsin3-28","Greg Gard","Grant McCasland"
"11",2023-03-28,"post","UAB","CUSA","Utah Valley","WAC","N","W, 88-86",4.47,0.806486,113.6,94.9,101.5,44.9,12.7,28,27.8,99.2,45.3,17.3,29.2,33.8,88.9,2023,77,"Utah ValleyUAB3-28","Andy Kennedy","Mark Madsen"
"12",2023-03-28,"post","Utah Valley","WAC","UAB","CUSA","N","L, 88-86",-4.47,0.845344,104.7,95.6,99.2,45.3,17.3,29.2,33.8,101.5,44.9,12.7,28,27.8,74,2023,77,"Utah ValleyUAB3-28","Mark Madsen","Andy Kennedy"
"13",2023-03-26,"post","Creighton","BE","San Diego St.","MWC","N","L, 57-56",2.39958,0.920477,106.5,85.1,90.3,41.8,16.1,27.3,20,91.9,40.2,11.3,31.7,9.1,92.9,2023,62,"CreightonSan Diego St.3-26","Greg McDermott","Brian Dutcher"
"14",2023-03-26,"post","San Diego St.","MWC","Creighton","BE","N","W, 57-56",-2.39958,0.917708,101.1,82.9,91.9,40.2,11.3,31.7,9.1,90.3,41.8,16.1,27.3,20,90.7,2023,62,"CreightonSan Diego St.3-26","Brian Dutcher","Greg McDermott"
"15",2023-03-26,"post","Miami FL","ACC","Texas","B12","N","W, 88-81",-3.84333,0.93709,134,104.2,121.9,61.2,16.6,20,65.3,112.2,58.3,19.4,32.1,25,94.8,2023,72.2,"Miami FLTexas3-26","Jim Larranaga","Rodney Terry"
"16",2023-03-26,"post","Texas","B12","Miami FL","ACC","N","L, 88-81",3.84333,0.871486,119.9,103.2,112.2,58.3,19.4,32.1,25,121.9,61.2,16.6,20,65.3,84.8,2023,72.2,"Miami FLTexas3-26","Rodney Terry","Jim Larranaga"
"17",2023-03-25,"post","Connecticut","BE","Gonzaga","WCC","N","W, 82-54",8.46285,0.925079,114,67.9,113.8,49.3,11.1,29.5,19.4,74.9,35,12.5,20.5,36.7,99.7,2023,72.1,"ConnecticutGonzaga3-25","Dan Hurley","Mark Few"
"18",2023-03-25,"post","Gonzaga","WCC","Connecticut","BE","N","L, 82-54",-8.46285,0.96428,91.7,92.9,74.9,35,12.5,20.5,36.7,113.8,49.3,11.1,29.5,19.4,46.3,2023,72.1,"ConnecticutGonzaga3-25","Mark Few","Dan Hurley"
"19",2023-03-25,"post","Florida Atlantic","CUSA","Kansas St.","B12","N","W, 79-76",0.716667,0.880324,118.3,96.9,108.2,56.5,30.1,45.2,40.7,104.1,55.2,16.4,14.3,31,90.8,2023,73,"Florida AtlanticKansas St.3-25","Dusty May","Jerome Tang"
"20",2023-03-25,"post","Kansas St.","B12","Florida Atlantic","CUSA","N","L, 79-76",-0.716667,0.881499,113.9,98.2,104.1,55.2,16.4,14.3,31,108.2,56.5,30.1,45.2,40.7,84.7,2023,73,"Florida AtlanticKansas St.3-25","Jerome Tang","Dusty May"
"21",2023-03-24,"post","Houston","Amer","Miami FL","ACC","N","L, 89-75",-6.06948,0.871486,112.6,110.1,107.5,44.5,11.5,27.5,31.2,127.6,60.8,8.6,20,31.7,56.5,2023,69.8,"Miami FLHouston3-24","Kelvin Sampson","Jim Larranaga"
"22",2023-03-24,"post","Miami FL","ACC","Houston","Amer","N","W, 89-75",6.06948,0.953161,145.3,96.9,127.6,60.8,8.6,20,31.7,107.5,44.5,11.5,27.5,31.2,99.1,2023,69.8,"Miami FLHouston3-24","Jim Larranaga","Kelvin Sampson"
"23",2023-03-24,"post","Creighton","BE","Princeton","Ivy","N","W, 86-75",5.72985,0.70831,125.7,102.6,122.6,66.4,18.5,19.2,29.1,106.9,53.1,7.1,13.5,15.4,91.2,2023,70.2,"PrincetonCreighton3-24","Greg McDermott","Mitch Henderson"
"24",2023-03-24,"post","Princeton","Ivy","Creighton","BE","N","L, 86-75",-5.72985,0.917708,120.1,110.4,106.9,53.1,7.1,13.5,15.4,122.6,66.4,18.5,19.2,29.1,72.4,2023,70.2,"PrincetonCreighton3-24","Mitch Henderson","Greg McDermott"
"25",2023-03-24,"post","Alabama","SEC","San Diego St.","MWC","N","L, 71-64",-0.615997,0.920477,102.5,87.5,85.9,34.5,18.8,39.2,28.2,95.3,42,16.1,34.7,31.9,86,2023,74.5,"San Diego St.Alabama3-24","Nate Oats","Brian Dutcher"
"26",2023-03-24,"post","San Diego St.","MWC","Alabama","SEC","N","W, 71-64",0.615997,0.954842,108.9,79.1,95.3,42,16.1,34.7,31.9,85.9,34.5,18.8,39.2,28.2,97.5,2023,74.5,"San Diego St.Alabama3-24","Brian Dutcher","Nate Oats"
"27",2023-03-24,"post","Texas","B12","Xavier","BE","N","W, 83-71",12.0464,0.889041,124.4,84,114.7,58.2,12.4,18.8,31.1,98.1,49.2,16.6,27.8,18.8,98.9,2023,72.4,"XavierTexas3-24","Rodney Terry","Sean Miller"
"28",2023-03-24,"post","Xavier","BE","Texas","B12","N","L, 83-71",-12.0464,0.93709,108,105.5,98.1,49.2,16.6,27.8,18.8,114.7,58.2,12.4,18.8,31.1,56.6,2023,72.4,"XavierTexas3-24","Sean Miller","Rodney Terry"
"29",2023-03-23,"post","Arkansas","SEC","Connecticut","BE","N","L, 88-65",-14.3524,0.96428,105.9,108.1,93,35.7,14.3,33.3,42.9,125.9,65.7,24.3,42.3,38.9,44.3,2023,69.9,"ArkansasConnecticut3-23","Eric Musselman","Dan Hurley"
"30",2023-03-23,"post","Connecticut","BE","Arkansas","SEC","N","W, 88-65",14.3524,0.889425,140.6,86.4,125.9,65.7,24.3,42.3,38.9,93,35.7,14.3,33.3,42.9,99.6,2023,69.9,"ArkansasConnecticut3-23","Dan Hurley","Eric Musselman"
"31",2023-03-23,"post","Florida Atlantic","CUSA","Tennessee","SEC","N","W, 62-55",-1.86208,0.940125,123.1,93.1,107.5,50,20.8,38.7,32,95.4,38.1,10.4,37.8,19,96.1,2023,57.7,"Florida AtlanticTennessee3-23","Dusty May","Rick Barnes"
"32",2023-03-23,"post","Tennessee","SEC","Florida Atlantic","CUSA","N","L, 62-55",1.86208,0.881499,108.2,94.5,95.4,38.1,10.4,37.8,19,107.5,50,20.8,38.7,32,82.5,2023,57.7,"Florida AtlanticTennessee3-23","Rick Barnes","Dusty May"
"33",2023-03-23,"post","Gonzaga","WCC","UCLA","P12","N","W, 79-76",-3.41708,0.952842,125.1,96.5,108.5,54.7,22,45.7,26.6,104.3,47,8.2,17.1,23.9,95.2,2023,72.8,"GonzagaUCLA3-23","Mark Few","Mick Cronin"
"34",2023-03-23,"post","UCLA","P12","Gonzaga","WCC","N","L, 79-76",3.41708,0.925079,112.1,89.8,104.3,47,8.2,17.1,23.9,108.5,54.7,22,45.7,26.6,92.7,2023,72.8,"GonzagaUCLA3-23","Mick Cronin","Mark Few"
"35",2023-03-23,"post","Kansas St.","B12","Michigan St.","B10","N","W, 98-93",1.63926,0.877126,144,116.7,134.2,64,6.8,25,23.5,127.4,59.5,17.8,36.1,34.9,91.8,2023,64.9,"Michigan St.Kansas St.3-23","Jerome Tang","Tom Izzo"
"36",2023-03-23,"post","Michigan St.","B10","Kansas St.","B12","N","L, 98-93",-1.63926,0.880324,141,123.3,127.4,59.5,17.8,36.1,34.9,134.2,64,6.8,25,23.5,82.4,2023,64.9,"Michigan St.Kansas St.3-23","Tom Izzo","Jerome Tang"
"37",2023-03-22,"post","Charlotte","CUSA","Eastern Kentucky","ASun","N","W, 71-68",12.0804,0.543679,131.9,108.9,122.3,75.6,17.2,11.8,13.3,117.1,57.4,17.2,28.6,16.7,90.1,2023,58.1,"CharlotteEastern Kentucky3-22","Ron Sanchez","A.W. Hamilton"
"38",2023-03-22,"post","Eastern Kentucky","ASun","Charlotte","CUSA","N","L, 71-68",-12.0804,0.670334,112,125.6,117.1,57.4,17.2,28.6,16.7,122.3,75.6,17.2,11.8,13.3,21.1,2023,58.1,"CharlotteEastern Kentucky3-22","A.W. Hamilton","Ron Sanchez"
"39",2023-03-22,"post","Cincinnati","Amer","Utah Valley","WAC","A","L, 74-68",-5.47458,0.848945,103,98.7,93.5,38,11,34,12.7,101.7,50,19.2,33.3,52.7,62,2023,72.8,"CincinnatiUtah Valley3-22","Wes Miller","Mark Madsen"
"40",2023-03-22,"post","Utah Valley","WAC","Cincinnati","Amer","H","W, 74-68",5.47458,0.782915,108.4,87.1,101.7,50,19.2,33.3,52.7,93.5,38,11,34,12.7,92.5,2023,72.8,"CincinnatiUtah Valley3-22","Mark Madsen","Wes Miller"
"41",2023-03-22,"post","UAB","CUSA","Vanderbilt","SEC","A","W, 67-59",0.670021,0.821008,102.7,84.2,102.7,39.1,15.3,40,26.6,90.5,38.7,13.8,41.5,6.7,90.8,2023,65.2,"UABVanderbilt3-22","Andy Kennedy","Jerry Stackhouse"
"42",2023-03-22,"post","Vanderbilt","SEC","UAB","CUSA","H","L, 67-59",-0.670021,0.802108,99,93.7,90.5,38.7,13.8,41.5,6.7,102.7,39.1,15.3,40,26.6,65.3,2023,65.2,"UABVanderbilt3-22","Jerry Stackhouse","Andy Kennedy"
"43",2023-03-21,"post","Charlotte","CUSA","Radford","BSth","N","W, 63-56",5.12526,0.493741,106,93.2,105.1,53.5,16.7,16,44.2,93.4,42.9,15,31.6,6.3,81.4,2023,60,"CharlotteRadford3-21","Ron Sanchez","Darris Nichols"
"44",2023-03-21,"post","Radford","BSth","Charlotte","CUSA","N","L, 63-56",-5.12526,0.670334,95.2,102,93.4,42.9,15,31.6,6.3,105.1,53.5,16.7,16,44.2,31.2,2023,60,"CharlotteRadford3-21","Darris Nichols","Ron Sanchez"
"45",2023-03-21,"post","North Texas","CUSA","Oklahoma St.","B12","A","W, 65-59",2.45684,0.874614,110.9,86.5,97.7,42.3,18,35.1,16.9,88.7,36.1,16.5,44.4,41,94.6,2023,59.2,"North TexasOklahoma St.3-21","Grant McCasland","Mike Boynton"
"46",2023-03-21,"post","Oklahoma St.","B12","North Texas","CUSA","H","L, 65-59",-2.45684,0.822732,98,92.9,88.7,36.1,16.5,44.4,41,97.7,42.3,18,35.1,16.9,65.1,2023,59.2,"North TexasOklahoma St.3-21","Mike Boynton","Grant McCasland"
"47",2023-03-21,"post","Eastern Kentucky","ASun","Southern Utah","WAC","N","W, 108-106",-2.26742,0.637753,114,108.7,114.3,54.6,9.5,31.9,26.4,112.2,58.2,23.3,28.9,24.1,63.5,2023,75.6,"Southern UtahEastern Kentucky3-21","A.W. Hamilton","Todd Simon"
"48",2023-03-21,"post","Southern Utah","WAC","Eastern Kentucky","ASun","N","L, 108-106",2.26742,0.543679,114.8,112.9,112.2,58.2,23.3,28.9,24.1,114.3,54.6,9.5,31.9,26.4,54.7,2023,75.6,"Southern UtahEastern Kentucky3-21","Todd Simon","A.W. Hamilton"
"49",2023-03-21,"post","Oregon","P12","Wisconsin","B10","H","L, 61-58",0.8025,0.756753,100.1,92.3,90,49.1,14,16.7,21.8,94.7,38.9,15.5,32.6,20.6,72,2023,64.4,"WisconsinOregon3-21","Dana Altman","Greg Gard"
"50",2023-03-21,"post","Wisconsin","B10","Oregon","P12","A","W, 61-58",-0.8025,0.885176,101.2,83.3,94.7,38.9,15.5,32.6,20.6,90,49.1,14,16.7,21.8,90.3,2023,64.4,"WisconsinOregon3-21","Greg Gard","Dana Altman"
"51",2023-03-20,"post","Charlotte","CUSA","Milwaukee","Horz","N","W, 76-65",8.35045,0.347077,110.3,97.6,112.3,57.8,13.3,21.2,24.1,96,50.9,29.5,37.9,18.2,80.3,2023,67.7,"CharlotteMilwaukee3-20","Ron Sanchez","Bart Lundy"
"52",2023-03-20,"post","Milwaukee","Horz","Charlotte","CUSA","N","L, 76-65",-8.35045,0.670334,97.4,109.3,96,50.9,29.5,37.9,18.2,112.3,57.8,13.3,21.2,24.1,20.9,2023,67.7,"CharlotteMilwaukee3-20","Bart Lundy","Ron Sanchez"
"53",2023-03-20,"post","Eastern Kentucky","ASun","Indiana St.","MVC","N","W, 89-88",-0.135336,0.701563,112.8,104.2,110.5,55.8,13.7,22.9,20.3,109.2,60.8,22.3,17.2,33.3,71.2,2023,71.6,"Indiana St.Eastern Kentucky3-20","A.W. Hamilton","Josh Schertz"
"54",2023-03-20,"post","Indiana St.","MVC","Eastern Kentucky","ASun","N","L, 89-88",0.135336,0.543679,111,109.8,109.2,60.8,22.3,17.2,33.3,110.5,55.8,13.7,22.9,20.3,53.1,2023,71.6,"Indiana St.Eastern Kentucky3-20","Josh Schertz","A.W. Hamilton"
"55",2023-03-20,"post","Radford","BSth","San Jose St.","MWC","N","W, 67-57",0.769684,0.677236,107.6,92.8,108.9,46.2,9.8,36.8,12.3,92.7,42.9,19.5,29.7,19.6,84.6,2023,61.5,"San Jose St.Radford3-20","Darris Nichols","Tim Miles"
"56",2023-03-20,"post","San Jose St.","MWC","Radford","BSth","N","L, 67-57",-0.769684,0.493741,96.9,105.6,92.7,42.9,19.5,29.7,19.6,108.9,46.2,9.8,36.8,12.3,27.1,2023,61.5,"San Jose St.Radford3-20","Tim Miles","Darris Nichols"
"57",2023-03-20,"post","Rice","CUSA","Southern Utah","WAC","N","L, 81-79",-9.10083,0.637753,106.2,113.2,110.3,40.1,7,39.6,22.2,113.1,60.8,18.2,30.3,23.3,32.2,2023,71.6,"Southern UtahRice3-20","Scott Pera","Todd Simon"
"58",2023-03-20,"post","Southern Utah","WAC","Rice","CUSA","N","W, 81-79",9.10083,0.409062,111.6,102.8,113.1,60.8,18.2,30.3,23.3,110.3,40.1,7,39.6,22.2,71.9,2023,71.6,"Southern UtahRice3-20","Todd Simon","Scott Pera"
"59",2023-03-19,"post","Baylor","B12","Creighton","BE","N","L, 85-76",-8.23544,0.917708,118.9,111.2,108.2,50,14.2,31.4,30.2,121,57.3,19.9,35.7,40,68.4,2023,70.2,"CreightonBaylor3-19","Scott Drew","Greg McDermott"
"60",2023-03-19,"post","Creighton","BE","Baylor","B12","N","W, 85-76",8.23544,0.899127,127.1,91.1,121,57.3,19.9,35.7,40,108.2,50,14.2,31.4,30.2,97.9,2023,70.2,"CreightonBaylor3-19","Greg McDermott","Scott Drew"
"61",2023-03-19,"post","Cleveland St.","Horz","Eastern Kentucky","ASun","N","L, 91-75",1.40734,0.543679,106.1,113.1,98.5,45.7,13.1,25,21.4,119.5,54,17.1,51.3,20,32.4,2023,67.7,"Eastern KentuckyCleveland St.3-19","Daniyal Robinson","A.W. Hamilton"
"62",2023-03-19,"post","Eastern Kentucky","ASun","Cleveland St.","Horz","N","W, 91-75",-1.40734,0.494293,113.2,104.8,119.5,54,17.1,51.3,20,98.5,45.7,13.1,25,21.4,70.8,2023,67.7,"Eastern KentuckyCleveland St.3-19","A.W. Hamilton","Daniyal Robinson"
"63",2023-03-19,"post","Eastern Washington","BSky","Oklahoma St.","B12","A","L, 71-60",-6.16916,0.874614,100.1,99.2,87,46.5,18.9,21.1,19.3,103,58.3,27.6,25.8,22.2,52.4,2023,69,"Eastern WashingtonOklahoma St.3-19","David Riley","Mike Boynton"
"64",2023-03-19,"post","Oklahoma St.","B12","Eastern Washington","BSky","H","W, 71-60",6.16916,0.517531,99.1,83.9,103,58.3,27.6,25.8,22.2,87,46.5,18.9,21.1,19.3,87.2,2023,69,"Eastern WashingtonOklahoma St.3-19","Mike Boynton","David Riley"
"65",2023-03-19,"post","Fairleigh Dickinson","NEC","Florida Atlantic","CUSA","N","L, 78-70",-3.67535,0.881499,105.6,97.4,96.4,44.4,15.1,28.9,14.1,107.4,47.2,9.6,32.6,25.4,71.8,2023,72.7,"Fairleigh DickinsonFlorida Atlantic3-19","Tobin Anderson","Dusty May"
"66",2023-03-19,"post","Florida Atlantic","CUSA","Fairleigh Dickinson","NEC","N","W, 78-70",3.67535,0.290869,96.8,95.3,107.4,47.2,9.6,32.6,25.4,96.4,44.4,15.1,28.9,14.1,54.6,2023,72.7,"Fairleigh DickinsonFlorida Atlantic3-19","Dusty May","Tobin Anderson"
"67",2023-03-19,"post","Kansas St.","B12","Kentucky","SEC","N","W, 75-69",-1.43833,0.873786,114,93.6,109.9,52.8,11.7,13.3,40.7,101.1,44.4,23.4,47.5,27,90.6,2023,68.3,"KentuckyKansas St.3-19","Jerome Tang","John Calipari"
"68",2023-03-19,"post","Kentucky","SEC","Kansas St.","B12","N","L, 75-69",1.43833,0.880324,114.3,98.9,101.1,44.4,23.4,47.5,27,109.9,52.8,11.7,13.3,40.7,84.1,2023,68.3,"KentuckyKansas St.3-19","John Calipari","Jerome Tang"
"69",2023-03-19,"post","Liberty","ASun","Wisconsin","B10","A","L, 75-71",-0.167917,0.849795,124.9,110.3,109.7,54.5,10.8,15.6,30.9,115.9,55,10.8,16.7,48,80.6,2023,64.7,"LibertyWisconsin3-19","Ritchie McKay","Greg Gard"
"70",2023-03-19,"post","Wisconsin","B10","Liberty","ASun","H","W, 75-71",0.167917,0.777116,120.7,105.4,115.9,55,10.8,16.7,48,109.7,54.5,10.8,15.6,30.9,82.6,2023,64.7,"LibertyWisconsin3-19","Greg Gard","Ritchie McKay"
"71",2023-03-19,"post","Indiana","B10","Miami FL","ACC","N","L, 85-69",-6.16731,0.871486,105.8,105.7,100.1,47.6,17.4,30,22.2,123.3,55,17.4,51.3,18.6,50.1,2023,68.9,"Miami FLIndiana3-19","Mike Woodson","Jim Larranaga"
"72",2023-03-19,"post","Miami FL","ACC","Indiana","B10","N","W, 85-69",6.16731,0.855716,130.1,94.4,123.3,55,17.4,51.3,18.6,100.1,47.6,17.4,30,22.2,97.6,2023,68.9,"Miami FLIndiana3-19","Jim Larranaga","Mike Woodson"
"73",2023-03-19,"post","Marquette","BE","Michigan St.","B10","N","L, 69-60",-4.45404,0.877126,97.8,93.4,89.8,49,24,25.7,26.9,103.3,46.3,19.5,31.2,42.6,62.9,2023,66.8,"Michigan St.Marquette3-19","Shaka Smart","Tom Izzo"
"74",2023-03-19,"post","Michigan St.","B10","Marquette","BE","N","W, 69-60",4.45404,0.919694,111.3,79.4,103.3,46.3,19.5,31.2,42.6,89.8,49,24,25.7,26.9,98,2023,66.8,"Michigan St.Marquette3-19","Tom Izzo","Shaka Smart"
"75",2023-03-19,"post","Milwaukee","Horz","Stetson","ASun","N","W, 87-83",-1.92479,0.482806,96.1,95.6,105.4,43,10.9,25,42.3,100.5,41.6,18.2,41.2,32.5,51.4,2023,73.4,"MilwaukeeStetson3-19","Bart Lundy","Donnie Jones"
"76",2023-03-19,"post","Stetson","ASun","Milwaukee","Horz","N","L, 87-83",1.92479,0.347077,99.6,106.4,100.5,41.6,18.2,41.2,32.5,105.4,43,10.9,25,42.3,31.9,2023,73.4,"MilwaukeeStetson3-19","Donnie Jones","Bart Lundy"
"77",2023-03-19,"post","Morehead St.","OVC","UAB","CUSA","A","L, 77-59",-12.9069,0.88054,97.6,109.9,91,42.7,9.3,17.5,12.9,118.8,53.8,9.3,32.4,12.1,20.4,2023,64.8,"Morehead St.UAB3-19","Preston Spradlin","Andy Kennedy"
"78",2023-03-19,"post","UAB","CUSA","Morehead St.","OVC","H","W, 77-59",12.9069,0.349969,119.6,94.3,118.8,53.8,9.3,32.4,12.1,91,42.7,9.3,17.5,12.9,93.9,2023,64.8,"Morehead St.UAB3-19","Andy Kennedy","Preston Spradlin"
"79",2023-03-19,"post","Pittsburgh","ACC","Xavier","BE","N","L, 84-73",-10.9378,0.889041,97.1,97.9,94.3,42.9,11.6,21.3,28.6,108.5,54,10.3,18.4,41.3,47.7,2023,77.4,"PittsburghXavier3-19","Jeff Capel","Sean Miller"
"80",2023-03-19,"post","Xavier","BE","Pittsburgh","ACC","N","W, 84-73",10.9378,0.774255,113.7,84.5,108.5,54,10.3,18.4,41.3,94.3,42.9,11.6,21.3,28.6,96.8,2023,77.4,"PittsburghXavier3-19","Sean Miller","Jeff Capel"
"81",2023-03-19,"post","Radford","BSth","Tarleton St.","WAC","N","W, 72-70",-3.64,0.599726,106,103.4,104.2,60.2,27.5,30.8,22.2,101.3,49.1,21.7,37.9,37,57.1,2023,61.4,"RadfordTarleton St.3-19","Darris Nichols","Billy Gillespie"
"82",2023-03-19,"post","Tarleton St.","WAC","Radford","BSth","N","L, 72-70",3.64,0.493741,103.6,102.7,101.3,49.1,21.7,37.9,37,104.2,60.2,27.5,30.8,22.2,52.4,2023,61.4,"RadfordTarleton St.3-19","Billy Gillespie","Darris Nichols"
"83",2023-03-19,"post","Duquesne","A10","Rice","CUSA","N","L, 84-78",-2.57334,0.409062,107.4,117.9,112.9,53.2,20.3,36.1,21,121.6,61.6,15.9,29.6,37.5,25.3,2023,69.1,"RiceDuquesne3-19","Keith Dambrot","Scott Pera"
"84",2023-03-19,"post","Rice","CUSA","Duquesne","A10","N","W, 84-78",2.57334,0.627864,122.2,109.8,121.6,61.6,15.9,29.6,37.5,112.9,53.2,20.3,36.1,21,77.5,2023,69.1,"RiceDuquesne3-19","Scott Pera","Keith Dambrot"
"85",2023-03-19,"post","Connecticut","BE","Saint Mary's","WCC","N","W, 70-55",2.52878,0.921265,123,86,111.7,64,22.3,20.8,14,87.8,42.9,14.4,12.9,38.8,98.4,2023,62.7,"Saint Mary'sConnecticut3-19","Dan Hurley","Randy Bennett"
"86",2023-03-19,"post","Saint Mary's","WCC","Connecticut","BE","N","L, 70-55",-2.52878,0.96428,105.6,91.7,87.8,42.9,14.4,12.9,38.8,111.7,64,22.3,20.8,14,83.6,2023,62.7,"Saint Mary'sConnecticut3-19","Randy Bennett","Dan Hurley"
"87",2023-03-19,"post","North Texas","CUSA","Sam Houston St.","WAC","H","W, 75-55",14.9284,0.71081,134.5,87.7,120.5,68,17.7,12,18,88.4,44,14.5,25.6,19,99.3,2023,62.2,"Sam Houston St.North Texas3-19","Grant McCasland","Jason Hooten"
"88",2023-03-19,"post","Sam Houston St.","WAC","North Texas","CUSA","A","L, 75-55",-14.9284,0.89407,97.2,114.4,88.4,44,14.5,25.6,19,120.5,68,17.7,12,18,13.3,2023,62.2,"Sam Houston St.North Texas3-19","Jason Hooten","Grant McCasland"
"89",2023-03-19,"post","Gonzaga","WCC","TCU","B12","N","W, 84-81",-1.37208,0.870423,118.9,99.9,109.5,50.7,14.3,31.6,37.3,105.6,51.5,11.7,24.4,29.9,88.2,2023,76.7,"TCUGonzaga3-19","Mark Few","Jamie Dixon"
"90",2023-03-19,"post","TCU","B12","Gonzaga","WCC","N","L, 84-81",1.37208,0.925079,112.7,91.4,105.6,51.5,11.7,24.4,29.9,109.5,50.7,14.3,31.6,37.3,91.8,2023,76.7,"TCUGonzaga3-19","Jamie Dixon","Mark Few"
"91",2023-03-19,"post","Oregon","P12","UCF","Amer","H","W, 68-54",8.03867,0.746442,101.3,73.8,94.4,54.3,25,19.2,55.3,75,34.7,18.1,22.2,22.6,97.4,2023,72,"UCFOregon3-19","Dana Altman","Johnny Dawkins"
"92",2023-03-19,"post","UCF","Amer","Oregon","P12","A","L, 68-54",-8.03867,0.885176,81.8,85.6,75,34.7,18.1,22.2,22.6,94.4,54.3,25,19.2,55.3,37.3,2023,72,"UCFOregon3-19","Johnny Dawkins","Dana Altman"
"93",2023-03-19,"post","Colorado","P12","Utah Valley","WAC","H","L, 81-69",-2.68957,0.755528,110.3,111,98.5,50,17.1,25,17.7,115.7,63.6,18.6,19.2,10.2,48.2,2023,70,"Utah ValleyColorado3-19","Tad Boyle","Mark Madsen"
"94",2023-03-19,"post","Utah Valley","WAC","Colorado","P12","A","W, 81-69",2.68957,0.833306,125,97.9,115.7,63.6,18.6,19.2,10.2,98.5,50,17.1,25,17.7,94.3,2023,70,"Utah ValleyColorado3-19","Mark Madsen","Tad Boyle"
"95",2023-03-18,"post","Arkansas","SEC","Kansas","B12","N","W, 72-71",-5.03958,0.91765,119.6,99.5,108.1,44,16.5,40.5,44.8,106.6,53,18,25,50,89.3,2023,66.6,"ArkansasKansas3-18","Eric Musselman","Bill Self"
"96",2023-03-18,"post","Kansas","B12","Arkansas","SEC","N","L, 72-71",5.03958,0.889425,121.3,98.6,106.6,53,18,25,50,108.1,44,16.5,40.5,44.8,91.5,2023,66.6,"ArkansasKansas3-18","Bill Self","Eric Musselman"
"97",2023-03-18,"post","Auburn","SEC","Houston","Amer","N","L, 81-64",-0.549892,0.953161,122.5,105.5,99.3,42.5,12.4,31.7,67.9,125.7,47.5,10.9,44.7,48.3,84.8,2023,64.4,"AuburnHouston3-18","Bruce Pearl","Kelvin Sampson"
"98",2023-03-18,"post","Houston","Amer","Auburn","SEC","N","W, 81-64",0.549892,0.882879,130.4,97.7,125.7,47.5,10.9,44.7,48.3,99.3,42.5,12.4,31.7,67.9,96.5,2023,64.4,"AuburnHouston3-18","Kelvin Sampson","Bruce Pearl"
"99",2023-03-18,"post","Charlotte","CUSA","Western Carolina","SC","N","W, 65-56",-3.82383,0.33585,96.3,98.4,104.5,46.2,11.3,15.6,36.5,90.1,50,16.1,15.6,13.2,44.1,2023,62.2,"CharlotteWestern Carolina3-18","Ron Sanchez","Justin Gray"
"100",2023-03-18,"post","Western Carolina","SC","Charlotte","CUSA","N","L, 65-56",3.82383,0.670334,97.9,95.7,90.1,50,16.1,15.6,13.2,104.5,46.2,11.3,15.6,36.5,56.6,2023,62.2,"CharlotteWestern Carolina3-18","Justin Gray","Ron Sanchez"
"101",2023-03-18,"post","Cincinnati","Amer","Hofstra","CAA","A","W, 79-65",6.70159,0.7924,116.8,87.5,112.3,56.1,21.3,40.7,35.1,92.4,43,15.6,26.2,20.3,96.5,2023,70.3,"CincinnatiHofstra3-18","Wes Miller","Speedy Claxton"
"102",2023-03-18,"post","Hofstra","CAA","Cincinnati","Amer","H","L, 79-65",-6.70159,0.782915,98.7,104.8,92.4,43,15.6,26.2,20.3,112.3,56.1,21.3,40.7,35.1,33.4,2023,70.3,"CincinnatiHofstra3-18","Speedy Claxton","Wes Miller"
"103",2023-03-18,"post","Duke","ACC","Tennessee","SEC","N","L, 65-52",-3.31803,0.940125,105.9,97,85.6,49,24.7,20.7,14.3,107,48.2,14.8,33.3,22.8,73.4,2023,60.8,"DukeTennessee3-18","Jon Scheyer","Rick Barnes"
"104",2023-03-18,"post","Tennessee","SEC","Duke","ACC","N","W, 65-52",3.31803,0.907157,116.1,81.8,107,48.2,14.8,33.3,22.8,85.6,49,24.7,20.7,14.3,98.2,2023,60.8,"DukeTennessee3-18","Rick Barnes","Jon Scheyer"
"105",2023-03-18,"post","Furman","SC","San Diego St.","MWC","N","L, 75-52",-9.92235,0.920477,99.3,109,82.4,38,14.3,16.2,36,118.9,55.2,15.8,34.5,24.1,25.5,2023,63.1,"FurmanSan Diego St.3-18","Bob Richey","Brian Dutcher"
"106",2023-03-18,"post","San Diego St.","MWC","Furman","SC","N","W, 75-52",9.92235,0.698377,115.2,78.9,118.9,55.2,15.8,34.5,24.1,82.4,38,14.3,16.2,36,98.7,2023,63.1,"FurmanSan Diego St.3-18","Brian Dutcher","Bob Richey"
"107",2023-03-18,"post","Alabama","SEC","Maryland","B10","N","W, 73-51",5.41875,0.86583,112.4,75.2,108.7,44.8,16.4,40.5,48.3,76,36.1,19.4,25.6,38.9,99,2023,67.1,"MarylandAlabama3-18","Nate Oats","Kevin Willard"
"108",2023-03-18,"post","Maryland","B10","Alabama","SEC","N","L, 73-51",-5.41875,0.954842,95.1,92.7,76,36.1,19.4,25.6,38.9,108.7,44.8,16.4,40.5,48.3,57.4,2023,67.1,"MarylandAlabama3-18","Kevin Willard","Nate Oats"
"109",2023-03-18,"post","Michigan","B10","Vanderbilt","SEC","A","L, 66-65",1.49167,0.821008,101.8,88.8,97.9,46.2,22.6,36.7,35.8,99.5,48.3,10.5,12.1,20.7,82.7,2023,66.4,"MichiganVanderbilt3-18","Juwan Howard","Jerry Stackhouse"
"110",2023-03-18,"post","Vanderbilt","SEC","Michigan","B10","H","W, 66-65",-1.49167,0.786384,104.3,93.4,99.5,48.3,10.5,12.1,20.7,97.9,46.2,22.6,36.7,35.8,78,2023,66.4,"MichiganVanderbilt3-18","Jerry Stackhouse","Juwan Howard"
"111",2023-03-18,"post","North Alabama","ASun","Southern Utah","WAC","N","L, 72-50",-0.551406,0.637753,74.3,83.9,66.1,35.1,21.1,22,9,95.1,44.2,13.2,23.4,26.1,19.8,2023,75.7,"North AlabamaSouthern Utah3-18","Tony Pujol","Todd Simon"
"112",2023-03-18,"post","Southern Utah","WAC","North Alabama","ASun","N","W, 72-50",0.551406,0.318969,83.3,75,95.1,44.2,13.2,23.4,26.1,66.1,35.1,21.1,22,9,77,2023,75.7,"North AlabamaSouthern Utah3-18","Todd Simon","Tony Pujol"
"113",2023-03-18,"post","Northwestern","B10","UCLA","P12","N","L, 68-63",-5.56342,0.952842,122.3,105.2,105.8,42.4,13.4,35.9,25.4,114.2,56.8,13.4,13,47.7,84.9,2023,59.5,"NorthwesternUCLA3-18","Chris Collins","Mick Cronin"
"114",2023-03-18,"post","UCLA","P12","Northwestern","B10","N","W, 68-63",5.56342,0.864203,129.4,98.6,114.2,56.8,13.4,13,47.7,105.8,42.4,13.4,35.9,25.4,95.8,2023,59.5,"NorthwesternUCLA3-18","Mick Cronin","Chris Collins"
"115",2023-03-18,"post","Penn St.","B10","Texas","B12","N","L, 71-66",-4.21683,0.93709,115.7,99.9,102.8,48.3,14,23.7,18.3,110.5,51.6,7.8,25,18,84.4,2023,64.2,"Penn St.Texas3-18","Micah Shrewsberry","Rodney Terry"
"116",2023-03-18,"post","Texas","B12","Penn St.","B10","N","W, 71-66",4.21683,0.854747,115.2,90.4,110.5,51.6,7.8,25,18,102.8,48.3,14,23.7,18.3,94.2,2023,64.2,"Penn St.Texas3-18","Rodney Terry","Micah Shrewsberry"
"117",2023-03-18,"post","Missouri","SEC","Princeton","Ivy","N","L, 78-63",-8.35434,0.70831,104.1,118.1,100.4,45.9,11.2,22.2,11.5,124.4,53.2,14.3,42.1,24.2,19,2023,62.7,"PrincetonMissouri3-18","Dennis Gates","Mitch Henderson"
"118",2023-03-18,"post","Princeton","Ivy","Missouri","SEC","N","W, 78-63",8.35434,0.793892,123.4,89.6,124.4,53.2,14.3,42.1,24.2,100.4,45.9,11.2,22.2,11.5,97.5,2023,62.7,"PrincetonMissouri3-18","Mitch Henderson","Dennis Gates"
"119",2023-03-18,"post","San Jose St.","MWC","Southern Indiana","OVC","N","W, 77-52",13.3181,0.233686,112.7,86.8,122.6,50,14.3,51.4,26.6,82.8,42.3,14.3,20,38.5,95.3,2023,62.8,"Southern IndianaSan Jose St.3-18","Tim Miles","Stan Gouard"
"120",2023-03-18,"post","Southern Indiana","OVC","San Jose St.","MWC","N","L, 77-52",-13.3181,0.677236,86.3,116.5,82.8,42.3,14.3,20,38.5,122.6,50,14.3,51.4,26.6,3.1,2023,62.8,"Southern IndianaSan Jose St.3-18","Stan Gouard","Tim Miles"
"121",2023-03-18,"post","Indiana St.","MVC","USC Upstate","BSth","N","W, 67-62",1.5975,0.328664,95.4,95.9,96.7,52.7,21.7,16.1,16.1,89.5,41.3,10.1,26.7,13,48.6,2023,69.3,"USC UpstateIndiana St.3-18","Josh Schertz","Dave Dickerson"
"122",2023-03-18,"post","USC Upstate","BSth","Indiana St.","MVC","N","L, 67-62",-1.5975,0.701563,92.7,91.1,89.5,41.3,10.1,26.7,13,96.7,52.7,21.7,16.1,16.1,54.9,2023,69.3,"USC UpstateIndiana St.3-18","Dave Dickerson","Josh Schertz"
"123",2023-03-17,"post","Arizona St.","P12","TCU","B12","N","L, 72-70",1.805,0.870423,117.1,99.3,105,55.8,19.5,20,34.6,108,41.9,7.5,33.3,43.5,86.9,2023,66.7,"Arizona St.TCU3-17","Bobby Hurley","Jamie Dixon"
"124",2023-03-17,"post","TCU","B12","Arizona St.","P12","N","W, 72-70",-1.805,0.820653,116.8,102.2,108,41.9,7.5,33.3,43.5,105,55.8,19.5,20,34.6,82.3,2023,66.7,"Arizona St.TCU3-17","Jamie Dixon","Bobby Hurley"
"125",2023-03-17,"post","Drake","MVC","Miami FL","ACC","N","L, 63-56",1.99079,0.871486,87,76.5,80.8,46.4,17.3,5.9,14.5,90.9,35.7,13,21.4,51.8,81.4,2023,69.3,"DrakeMiami FL3-17","Darian DeVries","Jim Larranaga"
"126",2023-03-17,"post","Miami FL","ACC","Drake","MVC","N","W, 63-56",-1.99079,0.815546,95.3,80.6,90.9,35.7,13,21.4,51.8,80.8,46.4,17.3,5.9,14.5,87.2,2023,69.3,"DrakeMiami FL3-17","Jim Larranaga","Darian DeVries"
"127",2023-03-17,"post","Fairleigh Dickinson","NEC","Purdue","B10","N","W, 63-58",0.775,0.933252,107.8,81.6,98.6,44.4,14.1,28.9,16.1,90.8,40.6,25,40.5,35.8,96.1,2023,63.9,"Fairleigh DickinsonPurdue3-17","Tobin Anderson","Matt Painter"
"128",2023-03-17,"post","Purdue","B10","Fairleigh Dickinson","NEC","N","L, 63-58",-0.775,0.290869,83.9,95.2,90.8,40.6,25,40.5,35.8,98.6,44.4,14.1,28.9,16.1,19,2023,63.9,"Fairleigh DickinsonPurdue3-17","Matt Painter","Tobin Anderson"
"129",2023-03-17,"post","Florida Atlantic","CUSA","Memphis","Amer","N","W, 66-65",0.32625,0.90301,120.4,98,110.1,44.6,15,43.9,16.9,108.4,48.3,13.3,38.2,20.7,91.4,2023,60,"Florida AtlanticMemphis3-17","Dusty May","Penny Hardaway"
"130",2023-03-17,"post","Memphis","Amer","Florida Atlantic","CUSA","N","L, 66-65",-0.32625,0.881499,118.1,100.3,108.4,48.3,13.3,38.2,20.7,110.1,44.6,15,43.9,16.9,86.7,2023,60,"Florida AtlanticMemphis3-17","Penny Hardaway","Dusty May"
"131",2023-03-17,"post","Gonzaga","WCC","Grand Canyon","WAC","N","W, 82-70",5.74474,0.638829,118,97.7,121.2,59.8,17.7,35.7,33.9,103.4,50,10.3,19.4,10.8,89.8,2023,67.7,"Grand CanyonGonzaga3-17","Mark Few","Bryce Drew"
"132",2023-03-17,"post","Grand Canyon","WAC","Gonzaga","WCC","N","L, 82-70",-5.74474,0.925079,109.9,101.5,103.4,50,10.3,19.4,10.8,121.2,59.8,17.7,35.7,33.9,71.3,2023,67.7,"Grand CanyonGonzaga3-17","Bryce Drew","Mark Few"
"133",2023-03-17,"post","Connecticut","BE","Iona","MAAC","N","W, 87-63",4.51854,0.790916,133.1,97.2,132.6,56.8,13.7,38.9,21.2,96,44.7,9.1,18.4,28.1,97.4,2023,65.6,"IonaConnecticut3-17","Dan Hurley","Rick Pitino"
"134",2023-03-17,"post","Iona","MAAC","Connecticut","BE","N","L, 87-63",-4.51854,0.96428,117.5,107.7,96,44.7,9.1,18.4,28.1,132.6,56.8,13.7,38.9,21.2,73.3,2023,65.6,"IonaConnecticut3-17","Rick Pitino","Dan Hurley"
"135",2023-03-17,"post","Kennesaw St.","ASun","Xavier","BE","N","L, 72-67",2.48167,0.889041,101.6,86.2,93.4,46.1,15.3,23.8,20.3,100.4,48.1,13.9,12.5,57.7,86.9,2023,71.7,"Kennesaw St.Xavier3-17","Amir Abdur-Rahim","Sean Miller"
"136",2023-03-17,"post","Xavier","BE","Kennesaw St.","ASun","N","W, 72-67",-2.48167,0.642814,101.4,94.8,100.4,48.1,13.9,12.5,57.7,93.4,46.1,15.3,23.8,20.3,68.5,2023,71.7,"Kennesaw St.Xavier3-17","Sean Miller","Amir Abdur-Rahim"
"137",2023-03-17,"post","Indiana","B10","Kent St.","MAC","N","W, 71-60",7.72775,0.756049,119,89.9,110.1,50.8,10.9,30.3,17.7,93.1,37,14,39.6,17.4,96.2,2023,64.5,"Kent St.Indiana3-17","Mike Woodson","Rob Senderoff"
"138",2023-03-17,"post","Kent St.","MAC","Indiana","B10","N","L, 71-60",-7.72775,0.855716,99.3,102.1,93.1,37,14,39.6,17.4,110.1,50.8,10.9,30.3,17.7,42.2,2023,64.5,"Kent St.Indiana3-17","Rob Senderoff","Mike Woodson"
"139",2023-03-17,"post","Kansas St.","B12","Montana St.","BSky","N","W, 77-65",5.92948,0.687148,116.7,93.7,111,61.8,20.2,24,21.8,93.7,51.9,23.1,25.8,31.5,92.6,2023,69.4,"Montana St.Kansas St.3-17","Jerome Tang","Danny Sprinkle"
"140",2023-03-17,"post","Montana St.","BSky","Kansas St.","B12","N","L, 77-65",-5.92948,0.880324,104,101.8,93.7,51.9,23.1,25.8,31.5,111,61.8,20.2,24,21.8,56.3,2023,69.4,"Montana St.Kansas St.3-17","Danny Sprinkle","Jerome Tang"
"141",2023-03-17,"post","Creighton","BE","North Carolina St.","ACC","N","W, 72-63",3.19005,0.827204,107.9,85,104.2,49.1,11.6,10.3,33.9,91.2,39.8,8.7,22.5,23.4,94,2023,69.1,"North Carolina St.Creighton3-17","Greg McDermott","Kevin Keatts"
"142",2023-03-17,"post","North Carolina St.","ACC","Creighton","BE","N","L, 72-63",-3.19005,0.917708,103.5,93,91.2,39.8,8.7,22.5,23.4,104.2,49.1,11.6,10.3,33.9,77.4,2023,69.1,"North Carolina St.Creighton3-17","Kevin Keatts","Greg McDermott"
"143",2023-03-17,"post","Iowa St.","B12","Pittsburgh","ACC","N","L, 59-41",-10.5819,0.774255,68.2,87.5,66.2,25,12.9,33.3,31.7,95.3,41.5,24.2,25,70.7,5.4,2023,61.9,"PittsburghIowa St.3-17","T.J. Otzelberger","Jeff Capel"
"144",2023-03-17,"post","Pittsburgh","ACC","Iowa St.","B12","N","W, 59-41",10.5819,0.867825,108.9,64.7,95.3,41.5,24.2,25,70.7,66.2,25,12.9,33.3,31.7,99.7,2023,61.9,"PittsburghIowa St.3-17","Jeff Capel","T.J. Otzelberger"
"145",2023-03-17,"post","Kentucky","SEC","Providence","BE","N","W, 61-53",4.11252,0.812821,98,75.9,95.8,40.5,17.3,43.9,20.6,83.2,40.5,15.7,21.1,19,95,2023,63.7,"ProvidenceKentucky3-17","John Calipari","Ed Cooley"
"146",2023-03-17,"post","Providence","BE","Kentucky","SEC","N","L, 61-53",-4.11252,0.873786,89.2,85.7,83.2,40.5,15.7,21.1,19,95.8,40.5,17.3,43.9,20.6,61.3,2023,63.7,"ProvidenceKentucky3-17","Ed Cooley","John Calipari"
"147",2023-03-17,"post","Baylor","B12","UC Santa Barbara","BW","N","W, 74-56",3.89621,0.612565,112.6,90.5,119.5,62.7,14.5,26.9,31.4,90.4,51,22.6,15.4,18.4,92.5,2023,61.9,"UC Santa BarbaraBaylor3-17","Scott Drew","Joe Pasternack"
"148",2023-03-17,"post","UC Santa Barbara","BW","Baylor","B12","N","L, 74-56",-3.89621,0.899127,98.9,97.8,90.4,51,22.6,15.4,18.4,119.5,62.7,14.5,26.9,31.4,53.2,2023,61.9,"UC Santa BarbaraBaylor3-17","Joe Pasternack","Scott Drew"
"149",2023-03-17,"post","Michigan St.","B10","USC","P12","N","W, 72-62",5.38977,0.829774,118.2,89.6,111,52.8,10.8,22.2,46.3,95.6,47.4,17,23.5,13.8,96.1,2023,64.8,"USCMichigan St.3-17","Tom Izzo","Andy Enfield"
"150",2023-03-17,"post","USC","P12","Michigan St.","B10","N","L, 72-62",-5.38977,0.877126,103.8,100.6,95.6,47.4,17,23.5,13.8,111,52.8,10.8,22.2,46.3,58.9,2023,64.8,"USCMichigan St.3-17","Andy Enfield","Tom Izzo"
"151",2023-03-17,"post","Saint Mary's","WCC","VCU","A10","N","W, 63-51",3.05532,0.802588,109.4,83.9,101.3,43.9,19.3,35.5,55.1,82,41.8,22.5,25.7,32.7,95.5,2023,62.2,"VCUSaint Mary's3-17","Randy Bennett","Mike Rhoades"
"152",2023-03-17,"post","VCU","A10","Saint Mary's","WCC","N","L, 63-51",-3.05532,0.921265,97.9,91.2,82,41.8,22.5,25.7,32.7,101.3,43.9,19.3,35.5,55.1,69.3,2023,62.2,"VCUSaint Mary's3-17","Mike Rhoades","Randy Bennett"
"153",2023-03-17,"post","Marquette","BE","Vermont","AE","N","W, 78-61",7.95432,0.687309,124.2,93.6,123.9,60.7,7.9,16.7,26.8,96.9,50.9,15.9,16.1,18.9,96.3,2023,62.9,"VermontMarquette3-17","Shaka Smart","John Becker"
"154",2023-03-17,"post","Vermont","AE","Marquette","BE","N","L, 78-61",-7.95432,0.919694,107,107.2,96.9,50.9,15.9,16.1,18.9,123.9,60.7,7.9,16.7,26.8,49.5,2023,62.9,"VermontMarquette3-17","John Becker","Shaka Smart"
"155",2023-03-16,"post","Auburn","SEC","Iowa","B10","N","W, 83-75",5.72199,0.838516,117.3,91,116.5,52.4,9.8,21.1,34.9,105.2,46.3,11.2,31.8,25,94.9,2023,71.3,"AuburnIowa3-16","Bruce Pearl","Fran McCaffery"
"156",2023-03-16,"post","Iowa","B10","Auburn","SEC","N","L, 83-75",-5.72199,0.882879,114.9,107.7,105.2,46.3,11.2,31.8,25,116.5,52.4,9.8,21.1,34.9,67.8,2023,71.3,"AuburnIowa3-16","Fran McCaffery","Bruce Pearl"
"157",2023-03-16,"post","Boise St.","MWC","Northwestern","B10","N","L, 75-67",-5.26133,0.864203,123.9,118.7,111.5,44.6,15,45.5,21.5,124.8,56.6,11.6,30,34,62.2,2023,60.1,"Boise St.Northwestern3-16","Leon Rice","Chris Collins"
"158",2023-03-16,"post","Northwestern","B10","Boise St.","MWC","N","W, 75-67",5.26133,0.836141,136.3,105.2,124.8,56.6,11.6,30,34,111.5,44.6,15,45.5,21.5,95.2,2023,60.1,"Boise St.Northwestern3-16","Chris Collins","Leon Rice"
"159",2023-03-16,"post","Colgate","Pat","Texas","B12","N","L, 81-61",-9.11838,0.93709,110.6,111.5,95.3,45.7,17.2,28.1,15.5,126.5,64.7,20.3,42.3,13.8,47.5,2023,64,"ColgateTexas3-16","Matt Langel","Rodney Terry"
"160",2023-03-16,"post","Texas","B12","Colgate","Pat","N","W, 81-61",9.11838,0.66072,122,90.2,126.5,64.7,20.3,42.3,13.8,95.3,45.7,17.2,28.1,15.5,97,2023,64,"ColgateTexas3-16","Rodney Terry","Matt Langel"
"161",2023-03-16,"post","College of Charleston","CAA","San Diego St.","MWC","N","L, 63-57",-1.01208,0.920477,98.4,84.5,82.9,36.6,14.5,20,33.9,91.6,46.4,20.4,23.5,32.1,85.3,2023,68.8,"College of CharlestonSan Diego St.3-16","Pat Kelsey","Brian Dutcher"
"162",2023-03-16,"post","San Diego St.","MWC","College of Charleston","CAA","N","W, 63-57",1.01208,0.786477,95.8,80.5,91.6,46.4,20.4,23.5,32.1,82.9,36.6,14.5,20,33.9,88,2023,68.8,"College of CharlestonSan Diego St.3-16","Brian Dutcher","Pat Kelsey"
"163",2023-03-16,"post","Furman","SC","Virginia","ACC","N","W, 68-67",-5.67583,0.859104,113.7,100.2,105,48.2,13.9,21.1,33.9,103.5,46.3,12.4,28.1,40.7,81,2023,64.7,"FurmanVirginia3-16","Bob Richey","Tony Bennett"
"164",2023-03-16,"post","Virginia","ACC","Furman","SC","N","L, 68-67",5.67583,0.698377,105.3,94.8,103.5,46.3,12.4,28.1,40.7,105,48.2,13.9,21.1,33.9,76.8,2023,64.7,"FurmanVirginia3-16","Tony Bennett","Bob Richey"
"165",2023-03-16,"post","Howard","MEAC","Kansas","B12","N","L, 96-68",-8.41699,0.91765,106.1,110.2,88.9,46.3,23.5,31,14.9,125.6,58.2,15.7,40.5,17.8,39.3,2023,76.5,"HowardKansas3-16","Kenny Blakeney","Bill Self"
"166",2023-03-16,"post","Kansas","B12","Howard","MEAC","N","W, 96-68",8.41699,0.403121,118,95.4,125.6,58.2,15.7,40.5,17.8,88.9,46.3,23.5,31,14.9,92.1,2023,76.5,"HowardKansas3-16","Bill Self","Kenny Blakeney"
"167",2023-03-16,"post","Arkansas","SEC","Illinois","B10","N","W, 73-63",8.32898,0.821572,104.2,76.4,94.1,40.5,14.2,26.2,46,81.2,44.2,21.9,8.6,50,97.2,2023,77.6,"IllinoisArkansas3-16","Eric Musselman","Brad Underwood"
"168",2023-03-16,"post","Illinois","B10","Arkansas","SEC","N","L, 73-63",-8.32898,0.889425,89.2,88.8,81.2,44.2,21.9,8.6,50,94.1,40.5,14.2,26.2,46,51.3,2023,77.6,"IllinoisArkansas3-16","Brad Underwood","Eric Musselman"
"169",2023-03-16,"post","Louisiana Lafayette","SB","Tennessee","SEC","N","L, 58-55",-7.40375,0.940125,93,84.4,81.9,45.5,20.9,20.6,16.4,86.4,50,26.8,23.1,45.7,75.4,2023,67.1,"Louisiana LafayetteTennessee3-16","Bob Marlin","Rick Barnes"
"170",2023-03-16,"post","Tennessee","SEC","Louisiana Lafayette","SB","N","W, 58-55",7.40375,0.729885,92.4,73.5,86.4,50,26.8,23.1,45.7,81.9,45.5,20.9,20.6,16.4,93.3,2023,67.1,"Louisiana LafayetteTennessee3-16","Rick Barnes","Bob Marlin"
"171",2023-03-16,"post","Houston","Amer","Northern Kentucky","Horz","N","W, 63-52",3.13042,0.534881,101.3,87.4,101.2,52.9,27.3,42.3,19.6,83.5,31.2,11.2,36.7,14.5,84.5,2023,62.2,"Northern KentuckyHouston3-16","Kelvin Sampson","Darrin Horn"
"172",2023-03-16,"post","Northern Kentucky","Horz","Houston","Amer","N","L, 63-52",-3.13042,0.953161,99.4,87.5,83.5,31.2,11.2,36.7,14.5,101.2,52.9,27.3,42.3,19.6,81.1,2023,62.2,"Northern KentuckyHouston3-16","Darrin Horn","Kelvin Sampson"
"173",2023-03-16,"post","Duke","ACC","Oral Roberts","Sum","N","W, 74-51",15.8097,0.748735,120.6,73.6,116.5,53.1,12.6,40,14.1,80.3,36.5,14.2,25,12.7,99.7,2023,63.5,"Oral RobertsDuke3-16","Jon Scheyer","Paul Mills"
"174",2023-03-16,"post","Oral Roberts","Sum","Duke","ACC","N","L, 74-51",-15.8097,0.907157,88.6,108.2,80.3,36.5,14.2,25,12.7,116.5,53.1,12.6,40,14.1,9.1,2023,63.5,"Oral RobertsDuke3-16","Paul Mills","Jon Scheyer"
"175",2023-03-16,"post","Penn St.","B10","Texas A&M","SEC","N","W, 76-59",10.0942,0.880812,138.9,91,127.8,59.8,13.5,29.6,19.6,99.2,42.4,16.8,41.5,20.3,99.2,2023,59.5,"Penn St.Texas A&M3-16","Micah Shrewsberry","Buzz Williams"
"176",2023-03-16,"post","Texas A&M","SEC","Penn St.","B10","N","L, 76-59",-10.0942,0.854747,102.8,113.1,99.2,42.4,16.8,41.5,20.3,127.8,59.8,13.5,29.6,19.6,25.1,2023,59.5,"Penn St.Texas A&M3-16","Buzz Williams","Micah Shrewsberry"
"177",2023-03-16,"post","Arizona","P12","Princeton","Ivy","N","L, 59-55",4.70125,0.70831,87.5,80.5,81.7,44.7,19.3,19.4,12.3,87.6,43.8,16.3,23.1,7.8,72.1,2023,67.3,"PrincetonArizona3-16","Tommy Lloyd","Mitch Henderson"
"178",2023-03-16,"post","Princeton","Ivy","Arizona","P12","N","W, 59-55",-4.70125,0.929196,92.1,74,87.6,43.8,16.3,23.1,7.8,81.7,44.7,19.3,19.4,12.3,92.5,2023,67.3,"PrincetonArizona3-16","Mitch Henderson","Tommy Lloyd"
"179",2023-03-16,"post","Alabama","SEC","Texas A&M Corpus Chris","Slnd","N","W, 96-75",14.8367,0.456579,128.3,99.6,131.1,57.9,10.9,35.7,32.9,102.4,39.3,8.2,34,24,94.8,2023,73.2,"Texas A&M Corpus ChrisAlabama3-16","Nate Oats","Steve Lutz"
"180",2023-03-16,"post","Texas A&M Corpus Chris","Slnd","Alabama","SEC","N","L, 96-75",-14.8367,0.954842,118.3,118.7,102.4,39.3,8.2,34,24,131.1,57.9,10.9,35.7,32.9,49.1,2023,73.2,"Texas A&M Corpus ChrisAlabama3-16","Steve Lutz","Nate Oats"
"181",2023-03-16,"post","UCLA","P12","UNC Asheville","BSth","N","W, 86-53",17.849,0.46565,131.2,84.5,132.1,57.9,12.3,45.2,27,81.4,43.1,24.6,23.5,25.5,99.4,2023,65.1,"UNC AshevilleUCLA3-16","Mick Cronin","Mike Morrell"
"182",2023-03-16,"post","UNC Asheville","BSth","UCLA","P12","N","L, 86-53",-17.849,0.952842,97.7,118.2,81.4,43.1,24.6,23.5,25.5,132.1,57.9,12.3,45.2,27,10,2023,65.1,"UNC AshevilleUCLA3-16","Mike Morrell","Mick Cronin"
"183",2023-03-16,"post","Missouri","SEC","Utah St.","MWC","N","W, 76-65",3.74838,0.867046,115.5,87.2,110.7,60.4,14.6,11.1,34,94.6,50.8,21.8,27.3,13.6,96.2,2023,68.7,"Utah St.Missouri3-16","Dennis Gates","Ryan Odom"
"184",2023-03-16,"post","Utah St.","MWC","Missouri","SEC","N","L, 76-65",-3.74838,0.793892,96.3,96.4,94.6,50.8,21.8,27.3,13.6,110.7,60.4,14.6,11.1,34,49.7,2023,68.7,"Utah St.Missouri3-16","Ryan Odom","Dennis Gates"
"185",2023-03-16,"post","Maryland","B10","West Virginia","B12","N","W, 67-65",-2.77292,0.893292,117.2,97.9,111.6,57.8,21.7,29.6,48.9,108.3,46.4,20,43.2,28.6,88.7,2023,60,"West VirginiaMaryland3-16","Kevin Willard","Bob Huggins"
"186",2023-03-16,"post","West Virginia","B12","Maryland","B10","N","L, 67-65",2.77292,0.86583,119.9,101.4,108.3,46.4,20,43.2,28.6,111.6,57.8,21.7,29.6,48.9,87.3,2023,60,"West VirginiaMaryland3-16","Bob Huggins","Kevin Willard"
"187",2023-03-15,"post","Alcorn St.","SWAC","North Texas","CUSA","A","L, 69-53",-7.70179,0.89407,99.1,103.9,86.6,35.5,18,39,40,112.8,52,19.6,34.4,46,36.7,2023,61.2,"Alcorn St.North Texas3-15","Landon Bussie","Grant McCasland"
"188",2023-03-15,"post","North Texas","CUSA","Alcorn St.","SWAC","H","W, 69-53",7.70179,0.241911,106,92.8,112.8,52,19.6,34.4,46,86.6,35.5,18,39,40,82.3,2023,61.2,"Alcorn St.North Texas3-15","Grant McCasland","Landon Bussie"
"189",2023-03-15,"post","Fairleigh Dickinson","NEC","Texas Southern","SWAC","N","W, 84-61",11.7353,0.239443,117,96.8,120,62,20,19.2,67.4,87.1,42.7,20,27,14.5,89.9,2023,70,"Fairleigh DickinsonTexas Southern3-15","Tobin Anderson","Johnny Jones"
"190",2023-03-15,"post","Texas Southern","SWAC","Fairleigh Dickinson","NEC","N","L, 84-61",-11.7353,0.290869,80.5,116.3,87.1,42.7,20,27,14.5,120,62,20,19.2,67.4,1.4,2023,70,"Fairleigh DickinsonTexas Southern3-15","Johnny Jones","Tobin Anderson"
"191",2023-03-15,"post","Clemson","ACC","Morehead St.","OVC","H","L, 68-64",5.24458,0.349969,98.3,102.8,95.3,45.9,10.4,20,23,101.3,44.2,11.9,20,26.7,37.2,2023,67.1,"Morehead St.Clemson3-15","Brad Brownell","Preston Spradlin"
"192",2023-03-15,"post","Morehead St.","OVC","Clemson","ACC","A","W, 68-64",-5.24458,0.851502,105.7,91.6,101.3,44.2,11.9,20,26.7,95.3,45.9,10.4,20,23,83.9,2023,67.1,"Morehead St.Clemson3-15","Preston Spradlin","Brad Brownell"
"193",2023-03-15,"post","Arizona St.","P12","Nevada","MWC","N","W, 98-73",17.5129,0.75418,154.6,102,146.2,73.6,10.4,16.7,43.6,108.9,58.7,16.4,17.2,26.9,99.2,2023,67,"NevadaArizona St.3-15","Bobby Hurley","Steve Alford"
"194",2023-03-15,"post","Nevada","MWC","Arizona St.","P12","N","L, 98-73",-17.5129,0.820653,117.8,141.9,108.9,58.7,16.4,17.2,26.9,146.2,73.6,10.4,16.7,43.6,10.5,2023,67,"NevadaArizona St.3-15","Steve Alford","Bobby Hurley"
"195",2023-03-15,"post","Oklahoma St.","B12","Youngstown St.","Horz","A","W, 69-64",-2.64417,0.600796,96.2,91.4,102.4,39.4,13.4,44.2,21.1,95,41.9,11.9,25,22.6,64.4,2023,67.4,"Oklahoma St.Youngstown St.3-15","Mike Boynton","Jerrod Calhoun"
"196",2023-03-15,"post","Youngstown St.","Horz","Oklahoma St.","B12","H","L, 69-64",2.64417,0.793205,109.2,98.8,95,41.9,11.9,25,22.6,102.4,39.4,13.4,44.2,21.1,76.2,2023,67.4,"Oklahoma St.Youngstown St.3-15","Jerrod Calhoun","Mike Boynton"
"197",2023-03-15,"post","Sam Houston St.","WAC","Santa Clara","WCC","A","W, 58-56",2.82292,0.804588,96.1,80,89.5,49.1,21.6,21.4,11.1,86.4,46.2,26.2,29.4,18.9,89.2,2023,64.8,"Sam Houston St.Santa Clara3-15","Jason Hooten","Herb Sendek"
"198",2023-03-15,"post","Santa Clara","WCC","Sam Houston St.","WAC","H","L, 58-56",-2.82292,0.71081,93.7,92,86.4,46.2,26.2,29.4,18.9,89.5,49.1,21.6,21.4,11.1,55.1,2023,64.8,"Sam Houston St.Santa Clara3-15","Herb Sendek","Jason Hooten"
"199",2023-03-15,"post","Oregon","P12","UC Irvine","BW","H","W, 84-58",9.68228,0.616199,114.6,82.3,114.2,49.3,16.3,46.7,44.8,78.9,32.5,15,36.4,10,97.8,2023,73.5,"UC IrvineOregon3-15","Dana Altman","Russ Turner"
"200",2023-03-15,"post","UC Irvine","BW","Oregon","P12","A","L, 84-58",-9.68228,0.885176,89.8,100.5,78.9,32.5,15,36.4,10,114.2,49.3,16.3,46.7,44.8,21.6,2023,73.5,"UC IrvineOregon3-15","Russ Turner","Dana Altman"
"201",2023-03-15,"post","Florida","SEC","UCF","Amer","H","L, 67-49",-8.09033,0.746442,81,96.3,73.3,35.6,26.9,31,16.9,100.3,58.2,26.9,38.5,7.3,12,2023,66.8,"UCFFlorida3-15","Todd Golden","Johnny Dawkins"
"202",2023-03-15,"post","UCF","Amer","Florida","SEC","A","W, 67-49",8.09033,0.798984,107.8,73.2,100.3,58.2,26.9,38.5,7.3,73.3,35.6,26.9,31,16.9,98.8,2023,66.8,"UCFFlorida3-15","Johnny Dawkins","Todd Golden"
"203",2023-03-15,"post","New Mexico","MWC","Utah Valley","WAC","H","L, 83-69",-10.8247,0.755528,94.6,106,88.3,42.8,11.5,19.1,27.5,106.2,52.1,15.4,27.5,15.3,21.3,2023,78.1,"Utah ValleyNew Mexico3-15","Richard Pitino","Mark Madsen"
"204",2023-03-15,"post","Utah Valley","WAC","New Mexico","MWC","A","W, 83-69",10.8247,0.828104,110.8,78.2,106.2,52.1,15.4,27.5,15.3,88.3,42.8,11.5,19.1,27.5,98.2,2023,78.1,"Utah ValleyNew Mexico3-15","Mark Madsen","Richard Pitino"
"205",2023-03-15,"post","Cincinnati","Amer","Virginia Tech","ACC","H","W, 81-72",0.880992,0.713992,112.8,97.7,115.5,50.8,14.3,37.1,31.7,102.6,50,11.4,19.4,12.1,83.8,2023,70.2,"Virginia TechCincinnati3-15","Wes Miller","Mike Young"
"206",2023-03-15,"post","Virginia Tech","ACC","Cincinnati","Amer","A","L, 81-72",-0.880992,0.8677,114.3,103.4,102.6,50,11.4,19.4,12.1,115.5,50.8,14.3,37.1,31.7,76,2023,70.2,"Virginia TechCincinnati3-15","Mike Young","Wes Miller"
"207",2023-03-14,"post","Bradley","MVC","Wisconsin","B10","A","L, 81-62",-7.94794,0.849795,105.9,113.5,91.9,45.1,16.3,29.3,23,120,50,4.4,18.2,48.3,30.9,2023,67.5,"BradleyWisconsin3-14","Brian Wardle","Greg Gard"
"208",2023-03-14,"post","Wisconsin","B10","Bradley","MVC","H","W, 81-62",7.94794,0.653165,123.6,93.9,120,50,4.4,18.2,48.3,91.9,45.1,16.3,29.3,23,96,2023,67.5,"BradleyWisconsin3-14","Greg Gard","Brian Wardle"
"209",2023-03-14,"post","Eastern Washington","BSky","Washington St.","P12","A","W, 81-74",1.34375,0.853077,121.5,98.6,114.8,55.8,18.4,34.4,26.7,104.9,51.7,15.6,22.2,30,91.7,2023,70.6,"Eastern WashingtonWashington St.3-14","David Riley","Kyle Smith"
"210",2023-03-14,"post","Washington St.","P12","Eastern Washington","BSky","H","L, 81-74",-1.34375,0.517531,103.1,108.4,104.9,51.7,15.6,22.2,30,114.8,55.8,18.4,34.4,26.7,36,2023,70.6,"Eastern WashingtonWashington St.3-14","Kyle Smith","David Riley"
"211",2023-03-14,"post","Hofstra","CAA","Rutgers","B10","A","W, 88-86",-2.7663,0.879299,140.2,118.5,122.6,64.6,22.3,41.4,7.7,119.8,56.5,13.9,37.1,18.8,87.4,2023,63.8,"HofstraRutgers3-14","Speedy Claxton","Steve Pikiell"
"212",2023-03-14,"post","Rutgers","B10","Hofstra","CAA","H","L, 88-86",2.7663,0.677306,124.3,116.1,119.8,56.5,13.9,37.1,18.8,122.6,64.6,22.3,41.4,7.7,68.7,2023,63.8,"HofstraRutgers3-14","Steve Pikiell","Speedy Claxton"
"213",2023-03-14,"post","Mississippi St.","SEC","Pittsburgh","ACC","N","L, 60-59",0.167917,0.774255,97.7,88.3,94.8,42.9,22.5,45,11.1,96.4,47.2,11.2,16.2,27.8,76.1,2023,62.2,"PittsburghMississippi St.3-14","Chris Jans","Jeff Capel"
"214",2023-03-14,"post","Pittsburgh","ACC","Mississippi St.","SEC","N","W, 60-59",-0.167917,0.798543,108.9,96,96.4,47.2,11.2,16.2,27.8,94.8,42.9,22.5,45,11.1,81,2023,62.2,"PittsburghMississippi St.3-14","Jeff Capel","Chris Jans"
"215",2023-03-14,"post","Colorado","P12","Seton Hall","BE","H","W, 65-64",1.2125,0.757593,110.9,98,100.7,48.1,15.5,22.9,29.6,99.1,40,9.3,22.5,30,80.4,2023,64.6,"Seton HallColorado3-14","Tad Boyle","Shaheen Holloway"
"216",2023-03-14,"post","Seton Hall","BE","Colorado","P12","A","L, 65-64",-1.2125,0.833306,109.5,97.5,99.1,40,9.3,22.5,30,100.7,48.1,15.5,22.9,29.6,79.2,2023,64.6,"Seton HallColorado3-14","Shaheen Holloway","Tad Boyle"
"217",2023-03-14,"post","Southeast Missouri St.","OVC","Texas A&M Corpus Chris","Slnd","N","L, 75-71",-4.35792,0.456579,93.7,102.9,97.8,54.4,16.5,16.7,35.1,103.4,42.1,19.3,38.5,61.4,25.4,2023,72.6,"Southeast Missouri St.Texas A&M Corpus Chris3-14","Brad Korn","Steve Lutz"
"218",2023-03-14,"post","Texas A&M Corpus Chris","Slnd","Southeast Missouri St.","OVC","N","W, 75-71",4.35792,0.282342,101,101.2,103.4,42.1,19.3,38.5,61.4,97.8,54.4,16.5,16.7,35.1,49.2,2023,72.6,"Southeast Missouri St.Texas A&M Corpus Chris3-14","Steve Lutz","Brad Korn"
"219",2023-03-14,"post","Southern Miss","SB","UAB","CUSA","A","L, 88-60",-3.90199,0.88054,90.9,95.1,76,42.6,30.4,27.5,14.8,111.5,52.8,24.1,47.5,25.4,37.4,2023,78.9,"Southern MissUAB3-14","Jay Ladner","Andy Kennedy"
"220",2023-03-14,"post","UAB","CUSA","Southern Miss","SB","H","W, 88-60",3.